Name|Phone|Email|City
Adele Mills|1-703-584-6667|augue.porttitor@a.co.uk|Brodick
Dai Rosales|1-405-355-8885|urna.suscipit.nonummy@convallis.org|Prestatyn
Norman Gilliam|1-434-859-2580|nonummy.ultricies.ornare@ornareelit.co.uk|Meppel
Kimberley Lang|1-976-189-3852|venenatis.lacus@natoquepenatibus.com|Fahler
Demetrius Hughes|1-583-383-0139|elit@quam.edu|Vilna
Constance Bryant|1-126-110-0002|egestas.Aliquam.fringilla@necimperdiet.co.uk|Spittal an der Drau
Mollie Lopez|1-659-341-9756|metus.sit@tincidunt.ca|Salem
Remedios Small|1-336-307-7574|ante.lectus@Praesenteudui.edu|Giustino
Prescott Faulkner|1-518-944-6511|vestibulum.neque@nonmassa.net|Kurnool
Arsenio Cobb|1-912-728-2083|mus.Donec.dignissim@eu.net|Joinville
Bianca Russell|1-367-498-9506|nonummy.ipsum@turpisvitae.com|Bottrop
Emma Garza|1-130-727-3539|suscipit@etmagnisdis.org|Rothesay
Jaden Phillips|1-684-650-9249|Phasellus@feugiatmetus.edu|Dallas
Isabella Grant|1-404-537-8597|elit.sed.consequat@imperdiet.ca|Ilesa
Kristen Blackwell|1-490-513-0736|venenatis@a.com|Landshut
Carol Mcmillan|1-557-525-6784|Integer.id.magna@Quisquevarius.ca|Maser
Karen Oneil|1-875-534-1315|arcu.Morbi@elit.edu|Overmere
Quentin Fuller|1-815-874-4640|arcu.imperdiet@Donecconsectetuer.com|Völkermarkt
Dustin Graham|1-845-421-6986|ac.orci.Ut@aultricies.ca|Jalna
Oscar Yates|1-435-910-0921|egestas.Fusce.aliquet@aceleifendvitae.com|Melton
Hammett Adkins|1-423-127-5731|nunc.Quisque.ornare@atarcu.org|Dorgali
Iliana Kaufman|1-467-976-9380|venenatis.a@iaculisenim.co.uk|İnegöl
Teagan Vincent|1-973-461-5228|diam.dictum.sapien@maurisaliquam.org|Landshut
Uriah Dalton|1-173-377-0967|cursus@pedeultrices.ca|Varsenare
Nita Martinez|1-880-353-6222|mollis.lectus.pede@tristiqueac.edu|Dipignano
Peter Hancock|1-542-878-7223|placerat.eget@etlacinia.org|Chiniot
Kuame Payne|1-335-390-1053|Nam.interdum.enim@Suspendisse.co.uk|Pittsburgh
Robin Church|1-398-608-3072|sapien.cursus.in@sitametconsectetuer.co.uk|Lanklaar
John Welch|1-249-368-9057|augue@massaInteger.edu|Palmerston North
Candice Barlow|1-306-968-6812|lorem@nasceturridiculus.org|L?vis
Yeo Holmes|1-383-920-4842|est.Mauris.eu@adipiscingenimmi.org|Zeitz
Zeus Duffy|1-348-642-2549|luctus.et@nequepellentesquemassa.co.uk|Episcopia
Tasha Farmer|1-265-467-5821|ipsum.leo@quispede.org|Valcourt
Gay Avila|1-553-209-6511|mollis@odioa.ca|Momignies
Francesca Smith|1-488-748-0967|sed.hendrerit.a@sodalesMaurisblandit.co.uk|Nîmes
Justina Vega|1-944-804-7759|Aenean.eget.metus@libero.org|Guadalajara
Driscoll Vega|1-783-456-1179|adipiscing.elit@ametdiam.co.uk|Dieppe
Ruth Mclean|1-342-864-1483|orci.Donec.nibh@lobortisquis.co.uk|Pelotas
Jonah Bridges|1-189-745-5905|parturient.montes@aliquam.edu|V�lklingen
Veda Alford|1-794-624-0485|Ut.nec.urna@egestasnunc.ca|Baili�vre
Neve Downs|1-608-386-6683|dolor.sit.amet@egestasnunc.edu|Chesapeake
Quon Pruitt|1-540-328-8276|quam@DonecnibhQuisque.edu|Lauco
Darius Mcintosh|1-726-908-3106|Cras.convallis.convallis@a.org|Pazarcık
Jessamine Chaney|1-865-632-9952|malesuada.fames.ac@commodo.ca|Annapolis Royal
Maxwell Hull|1-821-333-4491|Vivamus.sit@mollisPhasellus.edu|Castres
MacKensie Osborn|1-441-820-2157|at.fringilla@pharetraQuisqueac.net|Pali
Larissa Castro|1-582-472-3171|volutpat.nunc.sit@amalesuadaid.org|Newark
Wyatt Savage|1-934-972-8152|Proin@ipsumnon.co.uk|Duque de Caxias
Brett Hawkins|1-612-957-1793|mi.pede@placerateget.net|Hamme-Mille
Freya White|1-740-845-6257|vitae@lacusQuisquepurus.org|Essex
Freya Bridges|1-863-195-3085|rutrum.magna@ultricesDuis.net|Affligem
Kellie Stevens|1-472-709-3105|egestas.a.scelerisque@dui.net|Cariboo Regional District
Armand Bryan|1-645-597-4488|eu@sociisnatoquepenatibus.org|Cambridge
Keith Everett|1-870-969-4385|risus.Nunc@felisorciadipiscing.org|Dunoon
Quyn Nichols|1-178-321-9260|placerat@tristiquepellentesque.com|Neupr�
Elaine Norton|1-485-325-0256|mollis.Phasellus@Suspendisse.co.uk|Silius
Abbot Jensen|1-263-862-3067|varius@utpellentesqueeget.com|Keith
Yetta Mcknight|1-758-905-8283|nisi.dictum@lacus.net|Körfez
Ethan Armstrong|1-943-919-7289|ac.mattis@magna.co.uk|Hann�che
Burton Paul|1-644-697-3271|ultricies.ligula.Nullam@Namligula.net|Cap-Rouge
Carissa Hodges|1-853-869-3941|dictum@tellusSuspendissesed.co.uk|Giove
Barbara Stone|1-694-758-0965|Curabitur.egestas.nunc@Nunc.edu|Port Alice
George Lewis|1-791-502-9878|urna.Nullam.lobortis@Uttincidunt.net|Terzorio
Laurel Randolph|1-635-344-8485|quam@etnetuset.net|Eghezee
Sophia Mercado|1-851-182-0713|elit@pede.ca|Stirling
Maggie Sparks|1-984-739-7838|non.justo.Proin@Fusce.edu|Karacabey
Fay Dixon|1-355-465-6122|arcu.Vestibulum@Phasellus.ca|Robelmont
Tanya Kane|1-210-732-6062|a.feugiat.tellus@egettincidunt.co.uk|Altidona
Peter Hood|1-338-395-4574|pellentesque.eget@tempusscelerisquelorem.com|Fairbanks
Candice Saunders|1-847-648-6074|luctus.aliquet@tristiquenequevenenatis.edu|Forlì
Iris Duke|1-614-902-4652|commodo.hendrerit.Donec@velsapienimperdiet.edu|Lochgilphead
Gloria Kennedy|1-451-250-0548|lacus.vestibulum.lorem@et.com|Gorinchem
Indira Best|1-285-696-7871|sem.elit@suscipitest.net|Nemoli
Lewis Hampton|1-821-456-8370|fringilla.porttitor@Phasellusvitaemauris.ca|Albacete
Erich Mullins|1-224-481-3250|Aenean@montes.net|Belgrade
Violet Clements|1-789-525-4614|imperdiet@Suspendissenon.edu|Ostellato
Lyle Moss|1-395-577-4267|natoque.penatibus.et@tempus.com|San Demetrio Corone
Akeem Kirby|1-894-610-6524|metus.In@risus.com|Baltimore
Claudia Kirby|1-893-108-1079|aliquet.diam@Sednunc.com|Durness
Hanna Lambert|1-680-662-9954|lobortis@mifringilla.org|Beausejour
Cathleen Macdonald|1-654-170-0392|a@Pellentesque.net|Bergen op Zoom
Lysandra Clements|1-333-980-1885|dignissim.tempor@sitametfaucibus.net|Anchorage
Farrah Pratt|1-765-421-5513|amet@magnamalesuada.net|Oldenburg
Celeste Stokes|1-678-676-5843|ultricies@vel.net|Mobile
Xerxes Hewitt|1-808-357-8300|fermentum@infelis.org|Monticelli d'Ongina
Emery Fitzpatrick|1-911-732-3029|rutrum@vulputatemauris.ca|Terlago
Wylie Mccarthy|1-636-986-8515|euismod.et@Etiam.co.uk|Parla
Karleigh Sweet|1-439-598-3786|et.nunc@Vestibulumaccumsan.edu|Chambord
Tyler Pope|1-227-344-7934|fringilla.cursus.purus@IntegerurnaVivamus.co.uk|San Antonio
Ferdinand Shepard|1-923-635-7790|vulputate.mauris@dis.com|Romford
Mercedes Osborn|1-659-657-2196|amet.consectetuer@mauris.ca|Etalle
Hilel Mcfarland|1-545-413-3764|fringilla@musProin.net|San Vito al Tagliamento
Olga Kinney|1-300-739-0777|est.ac.mattis@imperdietornare.co.uk|Port Augusta
Mark Donaldson|1-582-101-9842|In.condimentum@perinceptos.net|San Rafael
Rashad Hansen|1-660-431-6454|mus@Quisqueaclibero.net|Aizwal
Moana Wilkins|1-975-367-7169|Quisque.imperdiet@ipsum.ca|Haldia
Megan Moses|1-144-800-6472|ut.pellentesque@sagittisplacerat.org|Amlwch
Shaine Beard|1-409-536-2966|venenatis@auctorvelit.edu|Innisfail
Sonia Meyer|1-366-414-3999|dolor.quam@tinciduntorciquis.co.uk|Meetkerke
Gloria Booth|1-279-978-8092|Lorem.ipsum.dolor@ullamcorperDuis.co.uk|Sant'Egidio alla Vibrata