id,first_name,last_name,age,email,country,ip_address
1,Jerry,Willis,86,jwillis0@github.com,Tanzania,108.67.101.34
2,Jeffrey,Reyes,6,jreyes1@loc.gov,South Korea,130.220.93.168
3,Karen,Edwards,81,kedwards2@archive.org,United States,234.211.101.134
4,Evelyn,Ward,15,eward3@goodreads.com,China,120.74.235.157
5,Sara,George,96,sgeorge4@gravatar.com,France,72.252.42.91
6,Bonnie,Gonzales,29,bgonzales5@cornell.edu,Pakistan,96.24.155.224
7,Nicole,Greene,78,ngreene6@wsj.com,China,177.169.217.134
8,Willie,Williams,11,wwilliams7@furl.net,Colombia,180.185.76.167
9,Andrea,Kelly,73,akelly8@g.co,Argentina,146.239.28.94
10,Paul,Ortiz,31,portiz9@sourceforge.net,Afghanistan,42.212.103.68
11,Christopher,Welch,51,cwelcha@alexa.com,Russia,49.149.19.81
12,Jose,Boyd,6,jboydb@purevolume.com,Russia,37.14.130.123
13,Ashley,Washington,18,awashingtonc@privacy.gov.au,China,149.139.204.244
14,Michael,Moreno,57,mmorenod@tripadvisor.com,Greece,140.36.84.238
15,Denise,Cook,51,dcooke@cbc.ca,China,154.46.234.198
16,Albert,Vasquez,13,avasquezf@state.tx.us,Indonesia,93.110.165.19
17,Lois,Hunt,28,lhuntg@freewebs.com,Pakistan,137.211.226.212
18,Doris,Gordon,75,dgordonh@people.com.cn,Angola,248.19.56.16
19,Howard,Sullivan,98,hsullivani@youku.com,China,76.30.231.130
20,Diana,Young,88,dyoungj@blogspot.com,China,150.29.144.49
21,Sean,Graham,83,sgrahamk@ifeng.com,Colombia,221.155.139.250
22,Martha,Wood,59,mwoodl@linkedin.com,Uganda,47.80.254.4
23,Anna,Hart,88,ahartm@shutterfly.com,Philippines,245.59.35.144
24,Mary,Ferguson,14,mfergusonn@webs.com,China,162.8.154.128
25,Helen,Gardner,85,hgardnero@examiner.com,China,193.54.136.5
26,Lois,Baker,86,lbakerp@webs.com,Spain,64.77.181.25
27,Andrew,Ryan,62,aryanq@eventbrite.com,Armenia,76.243.9.44
28,Timothy,Woods,57,twoodsr@1688.com,Sweden,65.121.16.7
29,Ann,Harper,52,aharpers@blogger.com,Portugal,209.252.142.1
30,Dennis,Campbell,67,dcampbellt@hatena.ne.jp,Dominican Republic,162.206.72.20
31,Judith,Moore,74,jmooreu@paypal.com,Colombia,167.188.12.225
32,Edward,Mcdonald,8,emcdonaldv@tamu.edu,Indonesia,58.36.142.76
33,Diane,Schmidt,41,dschmidtw@si.edu,Kosovo,86.86.91.54
34,Sharon,Meyer,38,smeyerx@epa.gov,China,4.146.166.254
35,Carlos,Patterson,74,cpattersony@delicious.com,Poland,217.103.188.145
36,Walter,Tucker,23,wtuckerz@github.io,Netherlands,45.7.215.254
37,Ronald,Kennedy,58,rkennedy10@psu.edu,Portugal,63.73.148.182
38,Joan,Bowman,38,jbowman11@last.fm,Russia,78.33.109.90
39,Shirley,Campbell,2,scampbell12@jimdo.com,Indonesia,155.124.53.4
40,Kathy,Garrett,38,kgarrett13@paginegialle.it,Indonesia,197.55.143.100
41,Mildred,Harrison,86,mharrison14@usgs.gov,Russia,204.41.84.228
42,Stephen,Bennett,73,sbennett15@joomla.org,China,221.34.32.59
43,Heather,Hansen,24,hhansen16@google.co.uk,China,144.169.61.62
44,Denise,Moore,83,dmoore17@hubpages.com,China,186.91.1.147
45,Kevin,Miller,8,kmiller18@4shared.com,Portugal,100.17.243.116
46,Jack,Kim,61,jkim19@g.co,Greece,81.79.168.71
47,Robin,Sims,22,rsims1a@ezinearticles.com,Brazil,122.95.253.152
48,Beverly,Lewis,2,blewis1b@reference.com,Philippines,100.91.92.203
49,Joan,George,48,jgeorge1c@photobucket.com,Brazil,123.207.235.162
50,Barbara,Oliver,66,boliver1d@mtv.com,Poland,78.156.15.83
51,Jack,Stevens,58,jstevens1e@cdbaby.com,Portugal,91.20.149.8
52,Larry,Reed,64,lreed1f@wired.com,Brazil,117.114.96.8
53,Virginia,Allen,89,vallen1g@google.it,United States,171.126.36.29
54,Laura,Patterson,93,lpatterson1h@tuttocitta.it,Philippines,101.136.234.132
55,Amanda,Hernandez,85,ahernandez1i@deviantart.com,China,165.179.99.245
56,Pamela,Howell,59,phowell1j@princeton.edu,Philippines,208.246.8.105
57,Harold,Bowman,11,hbowman1k@ibm.com,Portugal,179.192.98.215
58,Jeffrey,Jacobs,79,jjacobs1l@comsenz.com,Croatia,191.168.54.124
59,Sharon,Snyder,41,ssnyder1m@google.it,Norway,211.202.11.197
60,Victor,Powell,14,vpowell1n@wikia.com,Indonesia,164.88.125.120
61,Theresa,Watkins,22,twatkins1o@loc.gov,United Kingdom,251.47.143.86
62,Anne,Reyes,32,areyes1p@soup.io,Philippines,206.182.203.10
63,Alan,Moore,54,amoore1q@bigcartel.com,China,194.32.112.139
64,Jesse,Knight,21,jknight1r@google.nl,Russia,96.13.84.209
65,Billy,Watson,29,bwatson1s@disqus.com,Chile,221.114.55.45
66,Virginia,Ortiz,37,vortiz1t@sakura.ne.jp,China,71.127.187.28
67,Carl,Carr,38,ccarr1u@stumbleupon.com,Ukraine,27.117.144.161
68,Wayne,Chavez,34,wchavez1v@usnews.com,Mexico,123.223.123.186
69,George,Lewis,14,glewis1w@etsy.com,Indonesia,172.229.143.46
70,Marie,Hayes,72,mhayes1x@rediff.com,Philippines,185.12.90.249
71,Linda,Murphy,20,lmurphy1y@disqus.com,Uganda,32.4.60.158
72,John,Bowman,71,jbowman1z@forbes.com,Japan,58.12.69.38
73,Carl,Parker,64,cparker20@cyberchimps.com,Grenada,225.226.189.6
74,Anne,Peters,89,apeters21@is.gd,United States,27.107.171.138
75,Jason,Watson,75,jwatson22@fda.gov,Peru,29.130.36.140
76,Bobby,Woods,59,bwoods23@nih.gov,China,1.238.139.63
77,Theresa,Lee,70,tlee24@indiegogo.com,Ukraine,76.95.0.128
78,Jennifer,Gordon,57,jgordon25@amazon.de,Indonesia,17.60.16.100
79,Roy,Hughes,84,rhughes26@macromedia.com,Portugal,175.83.31.229
80,Rachel,Wood,15,rwood27@redcross.org,China,28.103.242.73
81,Tina,Pierce,3,tpierce28@imageshack.us,Portugal,215.111.11.41
82,Patrick,Holmes,58,pholmes29@domainmarket.com,Russia,100.202.201.35
83,Jerry,Bishop,90,jbishop2a@cocolog-nifty.com,Egypt,179.112.44.230
84,Albert,Holmes,41,aholmes2b@vk.com,Poland,100.187.147.155
85,Tina,King,42,tking2c@apple.com,China,206.93.86.248
86,Andrew,Cruz,21,acruz2d@cam.ac.uk,France,236.156.4.251
87,Theresa,Carter,85,tcarter2e@macromedia.com,Vietnam,255.68.245.124
88,Gerald,Hicks,15,ghicks2f@ow.ly,Japan,208.235.177.68
89,Jane,Stevens,64,jstevens2g@mail.ru,Indonesia,184.224.29.71
90,Lois,Duncan,99,lduncan2h@intel.com,Russia,198.79.231.167
91,Walter,Woods,88,wwoods2i@bbc.co.uk,Russia,22.202.95.164
92,Janice,Stewart,73,jstewart2j@meetup.com,Tanzania,26.149.134.152
93,Doris,Harris,78,dharris2k@gnu.org,Finland,210.197.81.148
94,Julia,Meyer,70,jmeyer2l@slate.com,Portugal,3.26.202.2
95,Patricia,Young,60,pyoung2m@sitemeter.com,Mexico,208.169.216.20
96,Lois,Cole,24,lcole2n@studiopress.com,Botswana,97.59.206.77
97,Benjamin,Foster,85,bfoster2o@theglobeandmail.com,Philippines,240.180.96.41
98,Howard,Day,95,hday2p@ezinearticles.com,China,205.186.51.24
99,Nicole,Brooks,67,nbrooks2q@harvard.edu,Philippines,140.238.57.21
100,Anthony,Dunn,9,adunn2r@shinystat.com,Philippines,242.55.212.130
