company|currency
Amet Lorem Corp.|$2424.78
Vivamus Corporation|$5396.48
Aliquam Associates|$7115.08
Metus Aenean Sed Institute|$7253.21
Ullamcorper Duis At PC|$4236.13
Sem Consequat Nec Industries|$7860.63
Cubilia Curae; Donec Inc.|$8075.89
Sit Amet Diam Foundation|$7413.42
Nibh Sit Amet Inc.|$9313.02
Interdum Corp.|$7264.58
Fringilla Mi Lacinia Corp.|$4459.57
Suspendisse Tristique Ltd|$4128.83
Scelerisque Incorporated|$1530.51
Auctor Quis Ltd|$8482.73
Nullam Nisl Maecenas Company|$1853.98
Eros Turpis Ltd|$8572.93
Non Lorem Vitae Corp.|$9084.62
Nulla Foundation|$1052.67
Porttitor Institute|$3182.16
Interdum Associates|$5554.80
A Magna Lorem Foundation|$6990.89
Tincidunt Nibh Corporation|$7163.27
Pellentesque Tellus Sem Incorporated|$2805.02
A Purus Duis Ltd|$8513.72
Aliquam Ornare Industries|$7637.88
Donec Vitae Erat Associates|$2202.89
Vel Est Foundation|$7529.89
Lectus Cum Sociis Consulting|$9305.17
Vulputate Lacus Cras Consulting|$2241.64
Ligula Company|$6290.31
Velit Sed Malesuada Industries|$1952.02
Tortor Integer Corporation|$4403.13
Semper Nam LLC|$7919.78
Integer Eu Lacus Industries|$9040.68
Ipsum Donec Sollicitudin Industries|$8764.47
Enim Commodo Inc.|$5296.02
Semper Institute|$1132.31
Massa Integer Vitae LLC|$8964.62
Quisque Imperdiet Erat LLC|$7361.83
Nibh Institute|$1734.22
Arcu Vel Institute|$4508.24
Mauris Rhoncus LLP|$3499.65
Integer Mollis Consulting|$8709.32
Odio Inc.|$4055.38
Mauris Corp.|$4126.45
In Lorem Donec Foundation|$3816.83
Nisl Foundation|$8903.81
Consectetuer Ipsum Nunc Consulting|$4760.01
In Consequat Enim Associates|$7626.75
Diam Eu Dolor Corporation|$9828.92
Sagittis Nullam LLP|$5800.76
Montes Nascetur Incorporated|$8092.94
Curae; Institute|$6224.44
Ut LLP|$4646.95
Feugiat Ltd|$3209.27
Nec Ltd|$6780.70
Ante Consulting|$4738.53
Auctor Ullamcorper Nisl LLC|$4706.55
Odio Phasellus Company|$7785.63
Nibh LLP|$5733.40
Velit Industries|$3959.20
Donec Dignissim Associates|$1158.07
Rutrum Non Hendrerit LLP|$2866.23
Egestas Duis Ac Incorporated|$4740.37
Eu Dolor Egestas Ltd|$9993.86
Suspendisse Ac Metus Consulting|$4377.13
Vivamus Nisi Incorporated|$4360.42
Nec Mauris PC|$9730.44
A Mi Fringilla Corp.|$4560.75
Aliquam PC|$3585.76
Adipiscing Ligula Corp.|$3234.87
Sit Amet PC|$6609.76
Mauris Aliquam Company|$7151.71
Non LLC|$7700.74
Non Dapibus Rutrum Corporation|$1785.17
Augue Eu Institute|$3335.19
Ridiculus Corp.|$9270.67
Eleifend Limited|$9812.02
Pharetra Sed Hendrerit Corp.|$5817.00
Iaculis Ltd|$5621.15
Neque Institute|$5216.05
Fusce Feugiat Ltd|$8522.71
Interdum Feugiat Sed Limited|$1840.82
Ut Cursus Limited|$7995.11
Venenatis Incorporated|$6578.49
Est Mauris LLC|$9034.98
Ut Pellentesque Corporation|$8931.63
Dictum Cursus Industries|$7889.98
Ac Feugiat Non Industries|$9267.53
Velit Justo Nec Corporation|$2003.04
Curabitur Incorporated|$8446.58
Volutpat Nunc LLC|$7579.77
Cursus Nunc Institute|$4907.80
Lectus Pede Corporation|$4954.48
Ut Company|$4550.60
Egestas Corp.|$1517.62
Rutrum Urna Company|$9826.46
Velit Egestas Limited|$6840.47
Facilisis Facilisis Magna Institute|$5052.60
Hendrerit Neque In Foundation|$6724.71