company|money|profit
Donec At Arcu Company|$5,046|1
Ut Industries|$9,244|0
Donec Institute|$6,585|0
Duis Ac Arcu Incorporated|$9,278|0
Ligula Aenean Corporation|$7,325|0
Nam Porttitor LLC|$5,877|0
Rutrum Consulting|$7,339|0
Lobortis Quam LLP|$9,456|0
Varius Corporation|$6,036|1
Et Inc.|$9,803|0
Sagittis Nullam Vitae Company|$7,201|1
Non Corporation|$5,920|1
Metus In Nec Foundation|$5,855|1
Arcu Ac Orci Consulting|$8,153|1
Ipsum LLP|$5,156|0
Accumsan Inc.|$7,247|1
Tempus Non Foundation|$8,600|0
Commodo Tincidunt Limited|$5,460|0
A Ltd|$5,687|0
Lacus Mauris Incorporated|$5,178|1
Luctus Ipsum Leo Foundation|$6,538|0
Dui PC|$5,229|1
Enim Mi LLP|$5,316|1
Morbi Quis Company|$7,426|1
Quam Quis LLP|$8,863|1
Nullam Suscipit LLC|$6,188|0
Ultricies Dignissim Inc.|$7,130|0
Risus Quis Diam Consulting|$5,894|0
Mauris Erat LLC|$8,746|0
Dictum Institute|$7,344|0
Sollicitudin Corporation|$9,557|0
Ac Feugiat Non Corporation|$9,505|0
Eu Corporation|$6,599|0
Luctus Ltd|$8,832|0
Porttitor Tellus Non Limited|$6,452|1
Adipiscing Enim Company|$8,992|1
Erat Neque Non LLP|$6,032|0
Dolor Sit Corp.|$8,770|0
Ac Mi Eleifend Foundation|$6,591|1
Arcu Nunc Mauris LLC|$7,469|0
Dolor Nonummy Ac Limited|$7,408|1
A Associates|$6,910|1
Sollicitudin Corp.|$9,917|0
Lobortis Ultrices Limited|$5,139|0
Auctor Non Consulting|$9,005|0
Phasellus Nulla Integer Corporation|$7,267|1
Eros Nec Industries|$5,157|0
Vitae Mauris Sit Associates|$9,303|0
Aenean Associates|$7,990|1
Ipsum Limited|$8,444|1
Est Ac Facilisis Company|$6,783|1
Mollis Inc.|$8,651|1
Interdum Sed Consulting|$6,309|0
Tellus Justo Sit Ltd|$9,495|0
Erat Eget Tincidunt Foundation|$8,974|0
Arcu Ac Orci Inc.|$7,323|1
Enim Gravida Sit Corp.|$6,233|1
Consectetuer Ipsum Nunc Consulting|$6,869|1
Fermentum Convallis Ligula Foundation|$6,132|0
Libero At Incorporated|$5,573|1
Et Pede Nunc Corp.|$6,113|1
Enim Ltd|$8,574|0
Enim Non Nisi LLP|$5,290|0
Scelerisque Neque Corporation|$6,329|1
Fusce Mi PC|$7,405|1
Facilisis Limited|$7,153|0
Consectetuer Cursus Et Inc.|$9,937|0
Nam Interdum Enim Corp.|$9,027|0
Dui Suspendisse Ac Foundation|$8,466|0
Ligula Nullam Enim Consulting|$7,716|1
Malesuada LLP|$6,980|0
Sed Institute|$5,892|1
Class Aptent Foundation|$9,862|1
Vitae Erat Company|$9,692|1
Convallis Company|$7,773|0
Lorem Limited|$5,344|0
Ut Pellentesque Eget Corp.|$5,656|0
Sem Associates|$9,977|1
Eget Varius LLP|$6,538|1
Suspendisse Sagittis LLC|$6,954|1
Risus In Company|$7,325|1
Integer Sem Elit LLP|$6,743|0
Iaculis Corp.|$9,794|1
Sodales Nisi Institute|$9,615|1
Fermentum Fermentum Arcu LLP|$8,875|1
Phasellus Fermentum Convallis Company|$5,410|0
Et Rutrum Inc.|$7,915|1
Diam Consulting|$6,768|1
Consectetuer Corp.|$7,063|0
Libero Associates|$7,671|1
Amet Massa Quisque PC|$7,489|1
Integer Ltd|$8,640|0
Blandit At LLC|$6,745|0
Egestas Corp.|$9,086|1
Sem Incorporated|$5,998|0
Nam Interdum Company|$6,823|0
Arcu Iaculis Foundation|$6,856|1
Sagittis Felis Donec Ltd|$9,729|1
Proin Mi Aliquam Inc.|$6,312|0
Curae; Phasellus Ornare LLC|$5,886|1