id,first_name,last_name
1,Howard,Bryant
2,Albert,Clark
3,Shawn,Perry
4,Donna,Young
5,Adam,Burke
6,Gloria,Ellis
7,Bobby,Wells
8,Kelly,Jacobs
9,Judith,Wilson
10,Adam,Schmidt
11,Lillian,Green
12,Norma,Lane
13,James,Harvey
14,Shawn,Rodriguez
15,Kathryn,Lynch
16,Tammy,Alvarez
17,Fred,Kennedy
18,Rebecca,Owens
19,William,Henderson
20,Russell,Little
21,Debra,Barnes
22,Steven,Matthews
23,Johnny,Spencer
24,Kevin,Patterson
25,Phillip,Garrett
26,Joseph,Wheeler
27,Jack,Garza
28,Andrea,Wright
29,Irene,Brooks
30,Diane,Bishop
31,Robin,Ferguson
32,Brenda,Wood
33,Louise,Cruz
34,Mary,Rivera
35,Joan,Arnold
36,Richard,Gardner
37,Jesse,Russell
38,Harold,Sullivan
39,Jason,Mitchell
40,Robert,Ellis
41,Terry,Richards
42,Debra,Banks
43,Chris,Ford
44,Henry,Frazier
45,Janet,Reed
46,Robert,Flores
47,Doris,Hart
48,Sharon,Gonzalez
49,Philip,Carr
50,Christopher,Crawford
51,Paul,Burke
52,Bruce,Evans
53,Anna,Woods
54,Earl,Hanson
55,Amanda,Bennett
56,Linda,Williamson
57,Randy,Patterson
58,Justin,Chavez
59,Wanda,Sullivan
60,Susan,Ferguson
61,Marilyn,Gardner
62,James,Walker
63,Kimberly,Cook
64,Marie,Nguyen
65,Ruth,Rice
66,Gary,Day
67,Alice,Allen
68,Ruby,Ryan
69,Marilyn,Kelly
70,David,Montgomery
71,Emily,Sanchez
72,Brian,Mitchell
73,Jonathan,Porter
74,Adam,Powell
75,Peter,Martin
76,Roy,Clark
77,Raymond,Ortiz
78,Andrew,Wagner
79,Jimmy,Hamilton
80,Gary,Day
81,Patrick,Franklin
82,Theresa,Lawrence
83,Sarah,Ryan
84,Kenneth,Reid
85,William,Robinson
86,Kathleen,Riley
87,Joshua,Ross
88,Jennifer,Burns
89,Rachel,Daniels
90,James,Cunningham
91,Lori,Price
92,Lori,Jacobs
93,Mark,Howell
94,Robert,Moore
95,Joseph,White
96,Doris,Oliver
97,Larry,Brooks
98,Carlos,Edwards
99,Marie,Armstrong
100,Samuel,Stephens
