first_name,last_name,id,country
Steven,Brooks,1,China
Linda,Wallace,2,Indonesia
Jeffrey,Sullivan,3,China
Carlos,Rodriguez,4,Philippines
Catherine,Ruiz,5,Serbia
Howard,Banks,6,Egypt
Lisa,Banks,7,France
Katherine,Palmer,8,Pakistan
Jean,Berry,9,Montenegro
Tammy,Hunt,10,Mauritius
Donna,Cole,11,Czech Republic
Gregory,Hughes,12,Russia
Victor,Morales,13,Philippines
Steve,Carter,14,Brazil
Jerry,Elliott,15,China
Brenda,Bradley,16,Colombia
Daniel,Hicks,17,Sweden
Melissa,Sanders,18,Bosnia and Herzegovina
Jason,Warren,19,Thailand
Roger,Fernandez,20,Peru
Anna,Lewis,21,Indonesia
Brian,Gonzales,22,Japan
Roger,Cunningham,23,China
Martin,Cooper,24,Mexico
Jimmy,Turner,25,Ukraine
Jeffrey,Cruz,26,Portugal
Heather,Washington,27,Ireland
Theresa,Bailey,28,Indonesia
Steven,Stone,29,Madagascar
Dennis,Stevens,30,Estonia
Daniel,Day,31,Portugal
Jacqueline,Fields,32,American Samoa
Timothy,Wheeler,33,Guatemala
Kenneth,Wallace,34,Philippines
Annie,Bradley,35,Indonesia
Edward,Hill,36,China
Antonio,Scott,37,Sweden
Jennifer,Turner,38,Indonesia
Virginia,Burns,39,China
Matthew,Wagner,40,China
Jesse,Larson,41,Indonesia
Larry,Reyes,42,Armenia
Emily,Oliver,43,Chile
Evelyn,Reyes,44,Cyprus
Steve,Edwards,45,Indonesia
Adam,Murray,46,Indonesia
Fred,Larson,47,Greenland
Gary,Thompson,48,Indonesia
Susan,Warren,49,Indonesia
Adam,Carter,50,Ukraine
Ruby,Burns,51,Syria
Rose,Patterson,52,Colombia
Clarence,Franklin,53,Ukraine
Amanda,Gray,54,Indonesia
Jean,Mills,55,Ukraine
Julia,Spencer,56,Poland
Craig,Torres,57,Indonesia
Aaron,Russell,58,Armenia
Roger,Chavez,59,Kenya
Willie,Myers,60,Greece
Janet,Little,61,Ukraine
William,Baker,62,Japan
Anthony,King,63,Jamaica
Diana,Garrett,64,Philippines
Mary,Price,65,Russia
Russell,Griffin,66,Indonesia
Benjamin,Vasquez,67,Greece
Teresa,Fields,68,Nigeria
Thomas,Russell,69,Czech Republic
Larry,Wood,70,China
Tina,Morgan,71,Czech Republic
Henry,Diaz,72,Colombia
Patricia,Oliver,73,Tanzania
Gloria,Morrison,74,Papua New Guinea
Linda,Hunter,75,Dominican Republic
Sarah,Wallace,76,Slovenia
Elizabeth,King,77,Comoros
Edward,Weaver,78,Malaysia
Benjamin,Daniels,79,Russia
Laura,Pierce,80,Micronesia
Maria,Mendoza,81,Indonesia
Julie,Reynolds,82,Venezuela
Annie,Carroll,83,Chile
Jean,Lawson,84,Kazakhstan
Christopher,Hughes,85,Philippines
Cheryl,Clark,86,Uzbekistan
Bobby,Johnson,87,United States
Roger,Kelly,88,Brazil
Lawrence,Gomez,89,Portugal
Janice,Grant,90,Niger
Billy,Palmer,91,China
Doris,Robertson,92,Sweden
Joan,Ellis,93,China
Chris,Price,94,Russia
Larry,Harvey,95,Indonesia
Jonathan,Hudson,96,Indonesia
Kevin,Evans,97,France
Jeffrey,Burton,98,Argentina
Russell,Smith,99,Benin
Jacqueline,Gardner,100,United States
