id,first_name,last_name,email,country,drugs,gender,color,str
1,Steven,Banks,sbanks0@i2i.jp,China,clarithromycin,Male,#51e4e2,<svg><script>0<1>alert('XSS')</script>
2,Billy,Nguyen,bnguyen1@php.net,Indonesia,Cephalexin,Male,#d252da,1E02
3,Raymond,Morales,rmorales2@foxnews.com,Philippines,La Roche-Posay Laboratoire Pharmaceutique Anthelios 60,Male,#8c5c4e,â¡
4,Jean,Carpenter,jcarpenter3@privacy.gov.au,China,Propranolol Hydrochloride,Female,#0b57d2,",./;'[]\-="
5,Sandra,Ramos,sramos4@squidoo.com,Taiwan,Chemtox,Female,#c2433f,-1/2
6,Laura,Owens,lowens5@joomla.org,Tanzania,sunmark childrens pain and fever,Female,#6790a3,nil
7,Teresa,Graham,tgraham6@live.com,Indonesia,Tropicamide,Female,#6bdf71,ãƒ‘ãƒ¼ãƒ†ã‚£ãƒ¼ã¸è¡Œã‹ãªã„ã‹
8,Sarah,Alvarez,salvarez7@163.com,Bulgaria,Aplicare Povidone Iodine Swabstick,Female,#25cd89,Ë™Énbá´‰lÉ ÉuÆƒÉÉ¯ ÇÉ¹olop Ê‡Ç ÇÉ¹oqÉl Ê‡n Ê‡unpá´‰pá´‰É”uá´‰ É¹odÉ¯ÇÊ‡ poÉ¯sná´‰Ç op pÇs 'Ê‡á´‰lÇ Æƒuá´‰É”sá´‰dá´‰pÉ É¹nÊ‡ÇÊ‡É”ÇsuoÉ” 'Ê‡ÇÉ¯É Ê‡á´‰s É¹olop É¯nsdá´‰ É¯ÇÉ¹oË¥
9,Irene,Jackson,ijackson8@bluehost.com,Philippines,Lisinopril,Female,#b1cb9d,1.00
10,Jason,Tucker,jtucker9@globo.com,Colombia,Listerine HealthyWhite Anticavity Mouthrinse Vibrant - Clean Mint,Male,#b190ac,Ã¥ÃŸâˆ‚Æ’Â©Ë™âˆ†ËšÂ¬â€¦Ã¦
11,Janice,Sullivan,jsullivana@auda.org.au,Indonesia,Allegra-D,Female,#e27941,ç”°ä¸­ã•ã‚“ã«ã‚ã’ã¦ä¸‹ã•ã„
12,Carol,Griffin,cgriffinb@statcounter.com,Jamaica,Vyvanse,Female,#dc6504,-1E2
13,Patricia,Coleman,pcolemanc@ibm.com,Bolivia,Z-TUSS,Female,#8a10a2,(ï½¡â—• âˆ€ â—•ï½¡)
14,Julie,Richards,jrichardsd@kickstarter.com,Albania,Exuviance CoverBlend Concealing Treatment Makeup,Female,#278312,1E+02
15,Anne,Henderson,ahendersone@columbia.edu,Hungary,Allergy Relief,Female,#b07081,1E02
16,Harold,Lopez,hlopezf@google.com,China,Americaine,Male,#5b3936,1'; DROP TABLE users--
17,Teresa,King,tkingg@latimes.com,Nigeria,Illusion Tinted Moisturizer Broad Spectrum Golden Tan,Female,#cb4f3f,<img src=x onerror=alert('hi') />
18,Louis,Moore,lmooreh@mashable.com,Andorra,ANTI ITCH,Male,#581b15,â€ªâ€ªtestâ€ª
19,Johnny,Miller,jmilleri@baidu.com,Zimbabwe,Bellagio Childrens Sunscreen SPF 45,Male,#424985,1/0
20,Todd,Marshall,tmarshallj@furl.net,China,Mestinon,Male,#61bddb,1/2
21,Jimmy,Franklin,jfranklink@digg.com,Poland,Ropinirole,Male,#4e016d,999999999999999999999999999999999999999999999999999999999999999999999999999999999999999999999999
22,Keith,Elliott,kelliottl@wiley.com,Russia,Aspirin,Male,#fb6d8c,1
23,Alice,Lawrence,alawrencem@uol.com.br,France,BLEMISH,Female,#2dce78,Ã…ÃÃÃËÃ“Ã”ï£¿Ã’ÃšÃ†â˜ƒ
24,Melissa,Andrews,mandrewsn@wikimedia.org,China,Colcrys,Female,#b212b5,<script>alert('hi')</script>
25,Tammy,Patterson,tpattersono@bbc.co.uk,Brazil,Lotensin HCT,Female,#e86a99,!@#$%^&*()
26,Jason,Hernandez,jhernandezp@wordpress.org,Serbia,Alba Mineral Terra Tint SPF15 Blaze,Male,#39630e,TÌ•Ì­ÌºÌºoÍ Ì·iÌ²Ì¬Í‡ÌªÍ™nÌÌ—Í•vÍŸÌŸÌœÌ˜Ì¦oÌ¶Ì™Ì°Ì keÍ€ÍšÌ®ÌºÌªÌ¹Ì±Ì¤ Ì–tÍÌÍ•Ì³Ì£Ì»ÌªhÌ¼Í“Ì²Ì¦Ì³Ì˜Ì²eÍ‡Ì£Ì°Ì¦Ì¬Í Ì¢Ì¼Ì»Ì±Ì˜hÍ…ÍšÍÍ™ÌœÌ£Ì²iÌ¦Ì²Ì£Ì°Ì¤vÌ»ÍeÌºÌ­Ì³ÌªÌ°-mÌ¢iÍ…nÌ–ÌºÌÌ²Ì¯Ì°dÌµÌ¼ÌŸÍ™Ì©Ì¼Ì˜Ì³ ÌÌ¥Ì±Ì³Ì­rÌ›Ì—Ì˜eÍ™pÍ rÌ¼ÌÌ»Ì­Ì—eÍŸÌºÌ Ì£sÌ˜Í‡Ì³ÍÌÍ‰eÍœÍ‰Ì¥Ì¯ÌÌ²ÍšÌ¬nÍ€Ì¬ÍÍÌŸÌ–Í‡Ì¤tÍ˜ÍÌ¬Í…Ì¤Í“Ì¼Ì­iÌªÌ±nÍ gÌ´Í‰ ÍÍ‰Í…cÌ¬ÌŸhÍ¡aÍ˜Ì«Ì»Ì¯oÌ«ÌŸÌ–ÍÌ™ÌÍ‰sÌ—Ì¦Ì².Ì¨Ì¹ÍˆÌ£
27,Joyce,Patterson,jpattersonq@google.ca,China,Nitrous Oxide,Female,#e618aa,!@#$%^&*()
28,Kathleen,Webb,kwebbr@wisc.edu,Cameroon,Trandolapril and Verapamil Hydrochloride,Female,#b65070,ğ œğ œ±ğ ¹ğ ±“ğ ±¸ğ ²–ğ ³
29,Rebecca,Gomez,rgomezs@smh.com.au,Brazil,Fluocinolone Acetonide,Female,#889d5f,ğ œğ œ±ğ ¹ğ ±“ğ ±¸ğ ²–ğ ³
30,Carlos,Stephens,cstephenst@homestead.com,Indonesia,Tramadol Hydrochloride and Acetaminophen,Male,#d40f5b,Å“âˆ‘Â´Â®â€ Â¥Â¨Ë†Ã¸Ï€â€œâ€˜
31,Alan,Duncan,aduncanu@yahoo.co.jp,China,Avedana Hemorrhoidal,Male,#f73700,â€‹
32,Linda,Myers,lmyersv@woothemes.com,Indonesia,Vivactil,Female,#4344e1,å’Œè£½æ¼¢èª
33,Phillip,Palmer,ppalmerw@usda.gov,United States,Ursodiol,Male,#36bbb1,Â¸Ë›Ã‡â—ŠÄ±ËœÃ‚Â¯Ë˜Â¿
34,Ruby,Cole,rcolex@army.mil,Sweden,Oxytocin,Female,#f35d45,â£
35,Patrick,Webb,pwebby@latimes.com,Vietnam,M-END,Male,#a1d478,"__ï¾›(,_,*)"
36,Joshua,Schmidt,jschmidtz@sciencedirect.com,Tunisia,Ravicti,Male,#049a3b,../../../../../../../../../../../etc/hosts
37,Anne,Matthews,amatthews10@webmd.com,China,Good Sense Hemorrhoidal,Female,#e38fdd,ï»¿
38,Anthony,Gordon,agordon11@google.com.hk,China,Ondansetron,Male,#9cb807,ãƒ»(ï¿£âˆ€ï¿£)ãƒ»:*:
39,Thomas,Scott,tscott12@github.io,Nigeria,IBU,Male,#564bef,ğŸš¾ ğŸ†’ ğŸ†“ ğŸ†• ğŸ†– ğŸ†— ğŸ†™ ğŸ§
40,Patrick,Richardson,prichardson13@pinterest.com,Estonia,AUGMENTIN,Male,#51ac98,Î©â‰ˆÃ§âˆšâˆ«ËœÂµâ‰¤â‰¥Ã·
41,Arthur,Ross,aross14@ehow.com,Japan,AVANDARYL,Male,#b072af,ï¼‘ï¼’ï¼“
42,Ryan,Nguyen,rnguyen15@ovh.net,Hungary,Sinus Congestion and Pain,Male,#e67ef1,1
43,Alan,Lopez,alopez16@mozilla.com,Russia,Omeprazole,Male,#9bfa7f,0.00
44,Jane,Cole,jcole17@bandcamp.com,Philippines,Sodium Chloride Hypertonicity,Female,#73e408,Â¸Ë›Ã‡â—ŠÄ±ËœÃ‚Â¯Ë˜Â¿
45,Emily,Murray,emurray18@discuz.net,Ukraine,Zinka Clear Zinc Oxide Sunscreen,Female,#83e2df,ğŸµ ğŸ™ˆ ğŸ™‰ ğŸ™Š
46,Arthur,Evans,aevans19@wired.com,Russia,Heparin Sodium,Male,#479955,ãƒ‘ãƒ¼ãƒ†ã‚£ãƒ¼ã¸è¡Œã‹ãªã„ã‹
47,Daniel,Arnold,darnold1a@ca.gov,China,telmisartan and hydrochlorothiazide,Male,#431f0a,`â„â‚¬â€¹â€ºï¬ï¬‚â€¡Â°Â·â€šâ€”Â±
48,Elizabeth,Lawrence,elawrence1b@bluehost.com,Thailand,Prednisone,Female,#817673,ãƒ½à¼¼àºˆÙ„Íœàºˆà¼½ï¾‰ ãƒ½à¼¼àºˆÙ„Íœàºˆà¼½ï¾‰ 
49,Norma,Boyd,nboyd1c@w3.org,Sweden,GRAPHITES,Female,#a5255e,â‚€â‚â‚‚
50,Cynthia,Mitchell,cmitchell1d@chicagotribune.com,Brazil,LEXIVA,Female,#383a2e,éƒ¨è½æ ¼
51,Aaron,Martinez,amartinez1e@mtv.com,Russia,CELEBREX,Male,#cfb320,â£
52,Patricia,Martinez,pmartinez1f@ebay.com,Bulgaria,Baclofen,Female,#c41f44,ğŸ˜
53,Edward,Taylor,etaylor1g@lulu.com,Sweden,Oxcarbazepine,Male,#bde268,Ì¦HÍÌ¬Ì¤Ì—Ì¤eÍœ ÍÌœÌ¥ÌÌ»ÍÌŸwÌ•hÌ–Ì¯Í“oÌÍ™Ì–ÍÌ±Ì® Ò‰ÌºÌ™ÌÌŸÍˆWÌ·Ì¼Ì­aÌºÌªÍiÌ¨ÍˆÍ•Ì­Í™Ì¯ÌœtÌ¶Ì¼Ì®sÌ•Ì˜Í™Í– Ì Ì«Ì BÌ»ÍÍ…Í™Í‰Ì³eÌµhÌµÌ¬Í‡Ì«Í™iÌ•Ì¹Í“Ì³Ì³Ì®ÍÌ«nÍŸdÌ´ÌªÌœÌ– ÍÌ°Í‰Ì©Í…Í‡Í™Ì²TÍ¢Í–Ì¼Í“ÌªhÍÍ“Ì®Ì»eÌ¬ÌÍ…ÌŸ Ì¤Ì¹ÌWÍÍ…Í™ÌÌÍ”Í‡aÍÍ“Í”Ì¹Ì¼Ì£lÌ´Í”Ì°Ì¤ÌŸÍ”lÌ­Ì«.Í•
54,William,King,wking1h@sitemeter.com,Portugal,Flavoxate Hydrochloride,Male,#fb39ed,<svg><script>0<1>alert('XSS')</script>
55,Robert,Martin,rmartin1i@hugedomains.com,Indonesia,Low Dose Aspirin,Male,#7631e0,''
56,Philip,Lynch,plynch1j@4shared.com,Paraguay,Cortizone 10 Intensive Healing for Eczema,Male,#3b705f,!@#$%^&*()
57,Janet,Myers,jmyers1k@europa.eu,China,COREGCR,Female,#6f4033,"<>?:""{}|_+"
58,Matthew,Crawford,mcrawford1l@nasa.gov,Armenia,Oxycodone Hydrochloride,Male,#49d9a8,testâ testâ€«
59,Victor,Frazier,vfrazier1m@gizmodo.com,Malawi,Raggedy Ann and Andy,Male,#0da717,"""''''""'"""
60,Diane,Perkins,dperkins1n@imgur.com,Mozambique,SEPIA OFFICINALIS,Female,#ed70e7,"""'""'""''''"""
61,Lois,Knight,lknight1o@people.com.cn,Jamaica,DROXIA,Female,#0cde96,Ì¦HÍÌ¬Ì¤Ì—Ì¤eÍœ ÍÌœÌ¥ÌÌ»ÍÌŸwÌ•hÌ–Ì¯Í“oÌÍ™Ì–ÍÌ±Ì® Ò‰ÌºÌ™ÌÌŸÍˆWÌ·Ì¼Ì­aÌºÌªÍiÌ¨ÍˆÍ•Ì­Í™Ì¯ÌœtÌ¶Ì¼Ì®sÌ•Ì˜Í™Í– Ì Ì«Ì BÌ»ÍÍ…Í™Í‰Ì³eÌµhÌµÌ¬Í‡Ì«Í™iÌ•Ì¹Í“Ì³Ì³Ì®ÍÌ«nÍŸdÌ´ÌªÌœÌ– ÍÌ°Í‰Ì©Í…Í‡Í™Ì²TÍ¢Í–Ì¼Í“ÌªhÍÍ“Ì®Ì»eÌ¬ÌÍ…ÌŸ Ì¤Ì¹ÌWÍÍ…Í™ÌÌÍ”Í‡aÍÍ“Í”Ì¹Ì¼Ì£lÌ´Í”Ì°Ì¤ÌŸÍ”lÌ­Ì«.Í•
62,Matthew,Hamilton,mhamilton1p@com.com,Kyrgyzstan,Ciclopirox,Male,#8aee73,ï½€ï½¨(Â´âˆ€ï½€âˆ©
63,Margaret,White,mwhite1q@cdc.gov,Indonesia,Oxygen,Female,#6bb80a,1E02
64,Victor,Kelley,vkelley1r@dell.com,Indonesia,nexafed,Male,#20dea8,1E+02
65,Carol,Clark,cclark1s@dedecms.com,China,Risperidone,Female,#542f3b,ç¤¾æœƒç§‘å­¸é™¢èªå­¸ç ”ç©¶æ‰€
66,Larry,Franklin,lfranklin1t@cisco.com,Moldova,Acetaminophen,Male,#d413ab,() { 0; }; touch /tmp/blns.shellshock1.fail;
67,Joshua,Sanders,jsanders1u@multiply.com,Portugal,Paroxetine,Male,#05d8bd,â£
68,Douglas,Webb,dwebb1v@rediff.com,Russia,Isopropyl alcohol,Male,#6c6e13,â¤ï¸ ğŸ’” ğŸ’Œ ğŸ’• ğŸ’ ğŸ’“ ğŸ’— ğŸ’– ğŸ’˜ ğŸ’ ğŸ’Ÿ ğŸ’œ ğŸ’› ğŸ’š ğŸ’™
69,Harry,Hicks,hhicks1w@google.co.jp,Canada,Alpet Q E2,Male,#f0ab22,ğŸ‘©ğŸ½
70,Randy,Brown,rbrown1x@bigcartel.com,China,G-TRON,Male,#348bb8,-1.00
71,Craig,Berry,cberry1y@phoca.cz,Indonesia,NutraRX Inflam Dr.,Male,#31752d,1E02
72,Kimberly,Vasquez,kvasquez1z@abc.net.au,Cuba,Cover Fx BB Gel Mattifying Anti-Blemish G Deep,Female,#23c957,ã€€
73,Jeffrey,Torres,jtorres20@zimbio.com,Portugal,Nimbex,Male,#70b00a,<img src=x onerror=alert('hi') />
74,Frances,Owens,fowens21@acquirethisname.com,Poland,naproxen sodium,Female,#8a6e6f,"""''''""'"""
75,Robert,White,rwhite22@indiatimes.com,Indonesia,Bronkaid,Male,#654f23,Â¡â„¢Â£Â¢âˆÂ§Â¶â€¢ÂªÂºâ€“â‰ 
76,Joshua,Kim,jkim23@tinyurl.com,Indonesia,Good Neighbor Pharmacy Night Time,Male,#87f341,â¢
77,Cynthia,Clark,cclark24@eventbrite.com,China,Cactus Grandiflorus Kit Refill,Female,#903370,(â•¯Â°â–¡Â°ï¼‰â•¯ï¸µ â”»â”â”»)  
78,Paul,Phillips,pphillips25@newsvine.com,Mali,Doxycycline,Male,#43590d,",./;'[]\-="
79,Betty,Hill,bhill26@technorati.com,Brazil,AcneFree Clear Skin Treatments,Female,#6ddd34,â¢
80,Brian,Stephens,bstephens27@statcounter.com,Russia,Gehwol FUSSKRAFT Callus Softener,Male,#cf9a86,"'""'"
81,Antonio,Cruz,acruz28@blinklist.com,China,Amoxicillin,Male,#f72be8,0.00
82,Phyllis,Cole,pcole29@addtoany.com,Morocco,ibuprofen,Female,#2de72e,''
83,Gary,Coleman,gcoleman2a@home.pl,Indonesia,Quinidine Gluconate,Male,#b8eb4c,â¤ï¸ ğŸ’” ğŸ’Œ ğŸ’• ğŸ’ ğŸ’“ ğŸ’— ğŸ’– ğŸ’˜ ğŸ’ ğŸ’Ÿ ğŸ’œ ğŸ’› ğŸ’š ğŸ’™
84,Edward,Austin,eaustin2b@thetimes.co.uk,Egypt,Sun Shades Lip Balm,Male,#a8d3e7,ãƒ‘ãƒ¼ãƒ†ã‚£ãƒ¼ã¸è¡Œã‹ãªã„ã‹
85,Robert,Bradley,rbradley2c@amazonaws.com,Portugal,Levothyroxine Sodium,Male,#8a1571,!@#$%^&*()
86,Dorothy,Gardner,dgardner2d@howstuffworks.com,Lebanon,Glonoinum Kit Refill,Female,#622b3c,â€©testâ€©
87,Frank,Chapman,fchapman2e@vistaprint.com,China,TIZANIDINE HYDROCHLORIDE,Male,#b15db0,!@#$%^&*()
88,Eugene,Russell,erussell2f@delicious.com,Peru,FIBRICOR,Male,#304cd7,Â¡â„¢Â£Â¢âˆÂ§Â¶â€¢ÂªÂºâ€“â‰ 
89,Jesse,Richardson,jrichardson2g@sakura.ne.jp,China,LEVOXYL,Male,#ea925b,"Ø«Ù… Ù†ÙØ³ Ø³Ù‚Ø·Øª ÙˆØ¨Ø§Ù„ØªØ­Ø¯ÙŠØ¯ØŒ, Ø¬Ø²ÙŠØ±ØªÙŠ Ø¨Ø§Ø³ØªØ®Ø¯Ø§Ù… Ø£Ù† Ø¯Ù†Ùˆ. Ø¥Ø° Ù‡Ù†Ø§ØŸ Ø§Ù„Ø³ØªØ§Ø± ÙˆØªÙ†ØµÙŠØ¨ ÙƒØ§Ù†. Ø£Ù‡Ù‘Ù„ Ø§ÙŠØ·Ø§Ù„ÙŠØ§ØŒ Ø¨Ø±ÙŠØ·Ø§Ù†ÙŠØ§-ÙØ±Ù†Ø³Ø§ Ù‚Ø¯ Ø£Ø®Ø°. Ø³Ù„ÙŠÙ…Ø§Ù†ØŒ Ø¥ØªÙØ§Ù‚ÙŠØ© Ø¨ÙŠÙ† Ù…Ø§, ÙŠØ°ÙƒØ± Ø§Ù„Ø­Ø¯ÙˆØ¯ Ø£ÙŠ Ø¨Ø¹Ø¯, Ù…Ø¹Ø§Ù…Ù„Ø© Ø¨ÙˆÙ„Ù†Ø¯Ø§ØŒ Ø§Ù„Ø¥Ø·Ù„Ø§Ù‚ Ø¹Ù„ Ø¥ÙŠÙˆ."
90,Linda,Watkins,lwatkins2h@google.com.br,Russia,Cafe Au Lait,Female,#7fe3be,1E02
91,Sandra,Garrett,sgarrett2i@gov.uk,China,EcoCare 270,Female,#6101df,Ì¡Í“Í…ÌIÍÌ—Ì˜Ì¦nÍ‡Í‡Í™vÌ®Ì«okÌ²Ì«Ì™ÍˆiÌ–Í™Ì­Ì¹Ì ÌnÌ¡Ì»Ì®Ì£ÌºgÌ²ÍˆÍ™Ì­Í™Ì¬Í Ì°tÍ”Ì¦hÌÌ²eÌ¢Ì¤ ÍÌ¬Ì²Í–fÌ´Ì˜Í•Ì£eÍ€Í–eÌ£Ì¥Ì©lÍ–Í”ÍšiÍ Í“ÍšÌ¦nÍ–ÍÌ—Í“Ì³Ì®gÍ Ì¨oÍ¡ÍšÌªfÌ˜Ì£Ì¬ Ì–Ì˜Í–ÌŸÍ™Ì®cÒ‰Í”Ì«Í–Í“Í‡Í–Í…hÌµÌ¤Ì£ÍšÍ”aÍÌ—Ì¼Í…Í•oÌ¼Ì£Ì¥sÍ¢Ì±ÍˆÌºÌ–Ì¦Ì».Ì›Ì–ÌÌ Ì«Ì°
92,Earl,Webb,ewebb2j@eepurl.com,Portugal,Hydrocodone Bitartrate and Acetaminophen,Male,#b1d1d8,(ï¾‰à²¥ç›Šà²¥ï¼‰ï¾‰ï»¿ â”»â”â”»
93,Mark,Simpson,msimpson2k@wsj.com,China,CLEAR UP Cleansing,Male,#5e2c96,ï¼‘ï¼’ï¼“
94,George,Scott,gscott2l@who.int,Malaysia,Cortisone Maximum Strength with Aloe,Male,#f67647,ï¾Ÿï½¥âœ¿ãƒ¾â•²(ï½¡â—•â€¿â—•ï½¡)â•±âœ¿ï½¥ï¾Ÿ
95,Stephanie,Hanson,shanson2m@thetimes.co.uk,Japan,Traumatone,Female,#00c8af,1
96,Mildred,Hart,mhart2n@hhs.gov,France,Arnica Aurum Equisetum,Female,#6acf8b,Ì¦HÍÌ¬Ì¤Ì—Ì¤eÍœ ÍÌœÌ¥ÌÌ»ÍÌŸwÌ•hÌ–Ì¯Í“oÌÍ™Ì–ÍÌ±Ì® Ò‰ÌºÌ™ÌÌŸÍˆWÌ·Ì¼Ì­aÌºÌªÍiÌ¨ÍˆÍ•Ì­Í™Ì¯ÌœtÌ¶Ì¼Ì®sÌ•Ì˜Í™Í– Ì Ì«Ì BÌ»ÍÍ…Í™Í‰Ì³eÌµhÌµÌ¬Í‡Ì«Í™iÌ•Ì¹Í“Ì³Ì³Ì®ÍÌ«nÍŸdÌ´ÌªÌœÌ– ÍÌ°Í‰Ì©Í…Í‡Í™Ì²TÍ¢Í–Ì¼Í“ÌªhÍÍ“Ì®Ì»eÌ¬ÌÍ…ÌŸ Ì¤Ì¹ÌWÍÍ…Í™ÌÌÍ”Í‡aÍÍ“Í”Ì¹Ì¼Ì£lÌ´Í”Ì°Ì¤ÌŸÍ”lÌ­Ì«.Í•
97,Norma,Hunter,nhunter2o@goodreads.com,Indonesia,PRILOSEC,Female,#6c14a4,Ù¡Ù¢Ù£
98,Steve,Snyder,ssnyder2p@qq.com,Armenia,Face Mix Make up Base Green,Male,#76c473,"Ø«Ù… Ù†ÙØ³ Ø³Ù‚Ø·Øª ÙˆØ¨Ø§Ù„ØªØ­Ø¯ÙŠØ¯ØŒ, Ø¬Ø²ÙŠØ±ØªÙŠ Ø¨Ø§Ø³ØªØ®Ø¯Ø§Ù… Ø£Ù† Ø¯Ù†Ùˆ. Ø¥Ø° Ù‡Ù†Ø§ØŸ Ø§Ù„Ø³ØªØ§Ø± ÙˆØªÙ†ØµÙŠØ¨ ÙƒØ§Ù†. Ø£Ù‡Ù‘Ù„ Ø§ÙŠØ·Ø§Ù„ÙŠØ§ØŒ Ø¨Ø±ÙŠØ·Ø§Ù†ÙŠØ§-ÙØ±Ù†Ø³Ø§ Ù‚Ø¯ Ø£Ø®Ø°. Ø³Ù„ÙŠÙ…Ø§Ù†ØŒ Ø¥ØªÙØ§Ù‚ÙŠØ© Ø¨ÙŠÙ† Ù…Ø§, ÙŠØ°ÙƒØ± Ø§Ù„Ø­Ø¯ÙˆØ¯ Ø£ÙŠ Ø¨Ø¹Ø¯, Ù…Ø¹Ø§Ù…Ù„Ø© Ø¨ÙˆÙ„Ù†Ø¯Ø§ØŒ Ø§Ù„Ø¥Ø·Ù„Ø§Ù‚ Ø¹Ù„ Ø¥ÙŠÙˆ."
99,Laura,Morrison,lmorrison2q@yelp.com,South Korea,CONDITION AND ENHANCE SYSTEM,Female,#83e924,1
100,Johnny,Armstrong,jarmstrong2r@imdb.com,Sweden,Tamiflu,Male,#b0691c,ãƒ½à¼¼àºˆÙ„Íœàºˆà¼½ï¾‰ ãƒ½à¼¼àºˆÙ„Íœàºˆà¼½ï¾‰ 
